{"cameraMode":{"drawMode":0,"name":"Shaded","section":"Shading Mode"},"sceneLighting":true,"audioPlay":false,"sceneViewState":{"m_AlwaysRefresh":false,"showFog":true,"showSkybox":true,"showFlares":true,"showImageEffects":true,"showParticleSystems":true,"showVisualEffectGraphs":true,"m_FxEnabled":true},"in2DMode":false,"pivot":{"x":-12.015091896057129,"y":5.272253036499023,"z":-20.200395584106447},"rotation":{"x":0.14369697868824006,"y":-0.07442963868379593,"z":0.011062261648476124,"w":0.9868605136871338},"size":3.3495044708251955,"orthographic":false}